title,video_url,poster,views,duration,user_id
dis parturient montes nascetur ridiculus,http://commondatastorage.googleapis.com/gtv-videos-bucket/sample/BigBuckBunny.mp4,https://picsum.photos/350/200,12760,1044,69
donec ut dolor morbi,http://commondatastorage.googleapis.com/gtv-videos-bucket/sample/BigBuckBunny.mp4,https://picsum.photos/350/200,39985,321,51
enim in tempor turpis nec euismod scelerisque quam turpis,http://commondatastorage.googleapis.com/gtv-videos-bucket/sample/BigBuckBunny.mp4,https://picsum.photos/350/200,80218,600,77
nibh fusce lacus purus aliquet,http://commondatastorage.googleapis.com/gtv-videos-bucket/sample/BigBuckBunny.mp4,https://picsum.photos/350/200,29308,983,76
nibh in hac habitasse platea dictumst aliquam augue quam,http://commondatastorage.googleapis.com/gtv-videos-bucket/sample/BigBuckBunny.mp4,https://picsum.photos/350/200,70377,864,62
ipsum integer a nibh in quis,http://commondatastorage.googleapis.com/gtv-videos-bucket/sample/BigBuckBunny.mp4,https://picsum.photos/350/200,51131,1031,25
justo pellentesque viverra,http://commondatastorage.googleapis.com/gtv-videos-bucket/sample/BigBuckBunny.mp4,https://picsum.photos/350/200,98611,576,25
molestie sed justo pellentesque viverra pede ac,http://commondatastorage.googleapis.com/gtv-videos-bucket/sample/BigBuckBunny.mp4,https://picsum.photos/350/200,64015,345,21
pellentesque ultrices phasellus id sapien in sapien,http://commondatastorage.googleapis.com/gtv-videos-bucket/sample/BigBuckBunny.mp4,https://picsum.photos/350/200,93114,51,57
turpis elementum ligula vehicula consequat,http://commondatastorage.googleapis.com/gtv-videos-bucket/sample/BigBuckBunny.mp4,https://picsum.photos/350/200,92198,1028,83
etiam vel augue vestibulum rutrum rutrum neque aenean auctor gravida,http://commondatastorage.googleapis.com/gtv-videos-bucket/sample/BigBuckBunny.mp4,https://picsum.photos/350/200,13661,1169,89
duis ac nibh fusce lacus purus aliquet,http://commondatastorage.googleapis.com/gtv-videos-bucket/sample/BigBuckBunny.mp4,https://picsum.photos/350/200,32516,540,80
est lacinia nisi venenatis tristique fusce congue diam id,http://commondatastorage.googleapis.com/gtv-videos-bucket/sample/BigBuckBunny.mp4,https://picsum.photos/350/200,73341,137,90
magna ac consequat metus sapien,http://commondatastorage.googleapis.com/gtv-videos-bucket/sample/BigBuckBunny.mp4,https://picsum.photos/350/200,19401,1122,59
vitae quam suspendisse potenti nullam porttitor lacus at,http://commondatastorage.googleapis.com/gtv-videos-bucket/sample/BigBuckBunny.mp4,https://picsum.photos/350/200,31134,628,64
nisi eu orci mauris lacinia sapien quis libero nullam sit,http://commondatastorage.googleapis.com/gtv-videos-bucket/sample/BigBuckBunny.mp4,https://picsum.photos/350/200,11368,247,23
id sapien in sapien iaculis,http://commondatastorage.googleapis.com/gtv-videos-bucket/sample/BigBuckBunny.mp4,https://picsum.photos/350/200,92610,401,27
non pretium quis lectus suspendisse potenti in eleifend,http://commondatastorage.googleapis.com/gtv-videos-bucket/sample/BigBuckBunny.mp4,https://picsum.photos/350/200,30371,649,14
nibh in hac habitasse platea dictumst aliquam augue quam sollicitudin,http://commondatastorage.googleapis.com/gtv-videos-bucket/sample/BigBuckBunny.mp4,https://picsum.photos/350/200,91935,393,13
ipsum primis in faucibus orci luctus et,http://commondatastorage.googleapis.com/gtv-videos-bucket/sample/BigBuckBunny.mp4,https://picsum.photos/350/200,27025,513,27
pede malesuada in imperdiet et,http://commondatastorage.googleapis.com/gtv-videos-bucket/sample/BigBuckBunny.mp4,https://picsum.photos/350/200,99040,1025,53
vestibulum proin eu,http://commondatastorage.googleapis.com/gtv-videos-bucket/sample/BigBuckBunny.mp4,https://picsum.photos/350/200,89757,1114,97
sed lacus morbi sem mauris laoreet ut rhoncus aliquet,http://commondatastorage.googleapis.com/gtv-videos-bucket/sample/BigBuckBunny.mp4,https://picsum.photos/350/200,37468,83,23
vel lectus in quam fringilla rhoncus,http://commondatastorage.googleapis.com/gtv-videos-bucket/sample/BigBuckBunny.mp4,https://picsum.photos/350/200,9635,975,71
nibh ligula nec sem duis aliquam convallis nunc proin at,http://commondatastorage.googleapis.com/gtv-videos-bucket/sample/BigBuckBunny.mp4,https://picsum.photos/350/200,77487,874,90
odio porttitor id,http://commondatastorage.googleapis.com/gtv-videos-bucket/sample/BigBuckBunny.mp4,https://picsum.photos/350/200,25635,300,55
id consequat in consequat ut nulla sed accumsan,http://commondatastorage.googleapis.com/gtv-videos-bucket/sample/BigBuckBunny.mp4,https://picsum.photos/350/200,20780,169,3
eget rutrum at,http://commondatastorage.googleapis.com/gtv-videos-bucket/sample/BigBuckBunny.mp4,https://picsum.photos/350/200,79180,858,72
eget orci vehicula condimentum curabitur in libero ut massa volutpat,http://commondatastorage.googleapis.com/gtv-videos-bucket/sample/BigBuckBunny.mp4,https://picsum.photos/350/200,93226,1072,77
nullam orci pede venenatis,http://commondatastorage.googleapis.com/gtv-videos-bucket/sample/BigBuckBunny.mp4,https://picsum.photos/350/200,56548,963,95
venenatis lacinia aenean sit,http://commondatastorage.googleapis.com/gtv-videos-bucket/sample/BigBuckBunny.mp4,https://picsum.photos/350/200,37815,157,53
nisi at nibh in hac habitasse,http://commondatastorage.googleapis.com/gtv-videos-bucket/sample/BigBuckBunny.mp4,https://picsum.photos/350/200,34868,99,37
posuere metus vitae ipsum aliquam,http://commondatastorage.googleapis.com/gtv-videos-bucket/sample/BigBuckBunny.mp4,https://picsum.photos/350/200,61322,949,48
lacus purus aliquet at feugiat non,http://commondatastorage.googleapis.com/gtv-videos-bucket/sample/BigBuckBunny.mp4,https://picsum.photos/350/200,24993,622,38
posuere felis sed lacus morbi sem mauris laoreet ut,http://commondatastorage.googleapis.com/gtv-videos-bucket/sample/BigBuckBunny.mp4,https://picsum.photos/350/200,52429,121,5
rutrum rutrum neque aenean auctor gravida,http://commondatastorage.googleapis.com/gtv-videos-bucket/sample/BigBuckBunny.mp4,https://picsum.photos/350/200,65390,223,67
ut blandit non interdum in ante,http://commondatastorage.googleapis.com/gtv-videos-bucket/sample/BigBuckBunny.mp4,https://picsum.photos/350/200,23579,46,81
nascetur ridiculus mus vivamus vestibulum sagittis sapien cum sociis natoque,http://commondatastorage.googleapis.com/gtv-videos-bucket/sample/BigBuckBunny.mp4,https://picsum.photos/350/200,54866,1022,17
eu interdum eu tincidunt in leo maecenas pulvinar lobortis est,http://commondatastorage.googleapis.com/gtv-videos-bucket/sample/BigBuckBunny.mp4,https://picsum.photos/350/200,33250,1120,52
amet consectetuer adipiscing elit proin,http://commondatastorage.googleapis.com/gtv-videos-bucket/sample/BigBuckBunny.mp4,https://picsum.photos/350/200,85083,477,47
hac habitasse platea dictumst aliquam augue quam sollicitudin vitae,http://commondatastorage.googleapis.com/gtv-videos-bucket/sample/BigBuckBunny.mp4,https://picsum.photos/350/200,26413,997,15
pretium quis lectus,http://commondatastorage.googleapis.com/gtv-videos-bucket/sample/BigBuckBunny.mp4,https://picsum.photos/350/200,85804,275,82
libero non mattis pulvinar,http://commondatastorage.googleapis.com/gtv-videos-bucket/sample/BigBuckBunny.mp4,https://picsum.photos/350/200,2304,885,53
id consequat in consequat ut nulla sed accumsan felis,http://commondatastorage.googleapis.com/gtv-videos-bucket/sample/BigBuckBunny.mp4,https://picsum.photos/350/200,85780,321,94
donec ut mauris eget massa tempor convallis nulla neque libero,http://commondatastorage.googleapis.com/gtv-videos-bucket/sample/BigBuckBunny.mp4,https://picsum.photos/350/200,47057,182,65
mauris eget massa tempor convallis,http://commondatastorage.googleapis.com/gtv-videos-bucket/sample/BigBuckBunny.mp4,https://picsum.photos/350/200,76917,130,33
ligula pellentesque ultrices phasellus,http://commondatastorage.googleapis.com/gtv-videos-bucket/sample/BigBuckBunny.mp4,https://picsum.photos/350/200,74300,241,3
enim leo rhoncus sed vestibulum sit,http://commondatastorage.googleapis.com/gtv-videos-bucket/sample/BigBuckBunny.mp4,https://picsum.photos/350/200,66363,698,39
turpis sed ante vivamus tortor duis mattis egestas,http://commondatastorage.googleapis.com/gtv-videos-bucket/sample/BigBuckBunny.mp4,https://picsum.photos/350/200,44611,317,19
in felis donec semper sapien a libero nam,http://commondatastorage.googleapis.com/gtv-videos-bucket/sample/BigBuckBunny.mp4,https://picsum.photos/350/200,54550,1152,26
habitasse platea dictumst morbi vestibulum velit id,http://commondatastorage.googleapis.com/gtv-videos-bucket/sample/BigBuckBunny.mp4,https://picsum.photos/350/200,49421,1196,41
maecenas tincidunt lacus at velit,http://commondatastorage.googleapis.com/gtv-videos-bucket/sample/BigBuckBunny.mp4,https://picsum.photos/350/200,42231,47,97
tincidunt in leo maecenas,http://commondatastorage.googleapis.com/gtv-videos-bucket/sample/BigBuckBunny.mp4,https://picsum.photos/350/200,88467,601,74
consequat lectus in est risus auctor,http://commondatastorage.googleapis.com/gtv-videos-bucket/sample/BigBuckBunny.mp4,https://picsum.photos/350/200,68330,411,51
fringilla rhoncus mauris enim leo rhoncus sed vestibulum,http://commondatastorage.googleapis.com/gtv-videos-bucket/sample/BigBuckBunny.mp4,https://picsum.photos/350/200,98757,77,90
blandit nam nulla,http://commondatastorage.googleapis.com/gtv-videos-bucket/sample/BigBuckBunny.mp4,https://picsum.photos/350/200,11264,894,65
faucibus accumsan odio curabitur,http://commondatastorage.googleapis.com/gtv-videos-bucket/sample/BigBuckBunny.mp4,https://picsum.photos/350/200,11490,174,38
scelerisque mauris sit amet eros suspendisse accumsan tortor,http://commondatastorage.googleapis.com/gtv-videos-bucket/sample/BigBuckBunny.mp4,https://picsum.photos/350/200,13179,461,42
platea dictumst morbi,http://commondatastorage.googleapis.com/gtv-videos-bucket/sample/BigBuckBunny.mp4,https://picsum.photos/350/200,42960,1141,56
consequat varius integer ac leo pellentesque ultrices mattis,http://commondatastorage.googleapis.com/gtv-videos-bucket/sample/BigBuckBunny.mp4,https://picsum.photos/350/200,15524,802,86
placerat praesent blandit nam nulla integer,http://commondatastorage.googleapis.com/gtv-videos-bucket/sample/BigBuckBunny.mp4,https://picsum.photos/350/200,31468,739,55
nibh ligula nec sem duis aliquam convallis,http://commondatastorage.googleapis.com/gtv-videos-bucket/sample/BigBuckBunny.mp4,https://picsum.photos/350/200,12894,583,1
id pretium iaculis diam erat fermentum justo,http://commondatastorage.googleapis.com/gtv-videos-bucket/sample/BigBuckBunny.mp4,https://picsum.photos/350/200,62763,452,6
sapien placerat ante nulla justo aliquam quis turpis eget,http://commondatastorage.googleapis.com/gtv-videos-bucket/sample/BigBuckBunny.mp4,https://picsum.photos/350/200,9580,1006,56
lorem ipsum dolor sit amet consectetuer adipiscing elit proin interdum,http://commondatastorage.googleapis.com/gtv-videos-bucket/sample/BigBuckBunny.mp4,https://picsum.photos/350/200,3430,228,34
massa volutpat convallis morbi odio,http://commondatastorage.googleapis.com/gtv-videos-bucket/sample/BigBuckBunny.mp4,https://picsum.photos/350/200,14466,904,62
at turpis donec posuere metus vitae ipsum aliquam non mauris,http://commondatastorage.googleapis.com/gtv-videos-bucket/sample/BigBuckBunny.mp4,https://picsum.photos/350/200,91565,948,60
eget semper rutrum nulla,http://commondatastorage.googleapis.com/gtv-videos-bucket/sample/BigBuckBunny.mp4,https://picsum.photos/350/200,31714,572,43
pede justo eu massa donec dapibus duis at velit eu,http://commondatastorage.googleapis.com/gtv-videos-bucket/sample/BigBuckBunny.mp4,https://picsum.photos/350/200,95018,655,39
lacinia aenean sit amet justo,http://commondatastorage.googleapis.com/gtv-videos-bucket/sample/BigBuckBunny.mp4,https://picsum.photos/350/200,49450,204,45
justo maecenas rhoncus aliquam lacus morbi quis tortor id,http://commondatastorage.googleapis.com/gtv-videos-bucket/sample/BigBuckBunny.mp4,https://picsum.photos/350/200,44862,1104,5
lorem ipsum dolor sit amet consectetuer,http://commondatastorage.googleapis.com/gtv-videos-bucket/sample/BigBuckBunny.mp4,https://picsum.photos/350/200,40487,86,27
vel enim sit amet nunc,http://commondatastorage.googleapis.com/gtv-videos-bucket/sample/BigBuckBunny.mp4,https://picsum.photos/350/200,84783,270,48
pede venenatis non sodales sed tincidunt eu,http://commondatastorage.googleapis.com/gtv-videos-bucket/sample/BigBuckBunny.mp4,https://picsum.photos/350/200,57083,634,44
sapien iaculis congue vivamus metus arcu adipiscing molestie hendrerit at,http://commondatastorage.googleapis.com/gtv-videos-bucket/sample/BigBuckBunny.mp4,https://picsum.photos/350/200,71230,684,86
nam dui proin leo odio porttitor id consequat in,http://commondatastorage.googleapis.com/gtv-videos-bucket/sample/BigBuckBunny.mp4,https://picsum.photos/350/200,19396,1013,22
et ultrices posuere,http://commondatastorage.googleapis.com/gtv-videos-bucket/sample/BigBuckBunny.mp4,https://picsum.photos/350/200,66816,534,56
ante ipsum primis in faucibus orci luctus et ultrices,http://commondatastorage.googleapis.com/gtv-videos-bucket/sample/BigBuckBunny.mp4,https://picsum.photos/350/200,64209,593,10
nibh in quis justo maecenas rhoncus aliquam lacus morbi,http://commondatastorage.googleapis.com/gtv-videos-bucket/sample/BigBuckBunny.mp4,https://picsum.photos/350/200,69607,692,76
in tempus sit amet sem fusce consequat nulla nisl,http://commondatastorage.googleapis.com/gtv-videos-bucket/sample/BigBuckBunny.mp4,https://picsum.photos/350/200,85644,769,2
in hac habitasse platea dictumst maecenas ut massa quis augue,http://commondatastorage.googleapis.com/gtv-videos-bucket/sample/BigBuckBunny.mp4,https://picsum.photos/350/200,68950,1091,21
ut erat curabitur gravida,http://commondatastorage.googleapis.com/gtv-videos-bucket/sample/BigBuckBunny.mp4,https://picsum.photos/350/200,67746,484,54
posuere metus vitae ipsum,http://commondatastorage.googleapis.com/gtv-videos-bucket/sample/BigBuckBunny.mp4,https://picsum.photos/350/200,11225,745,80
varius ut blandit non interdum,http://commondatastorage.googleapis.com/gtv-videos-bucket/sample/BigBuckBunny.mp4,https://picsum.photos/350/200,96487,763,77
pede ac diam cras pellentesque volutpat dui maecenas tristique est,http://commondatastorage.googleapis.com/gtv-videos-bucket/sample/BigBuckBunny.mp4,https://picsum.photos/350/200,47508,124,17
risus auctor sed tristique in tempus,http://commondatastorage.googleapis.com/gtv-videos-bucket/sample/BigBuckBunny.mp4,https://picsum.photos/350/200,27450,169,30
volutpat convallis morbi odio odio,http://commondatastorage.googleapis.com/gtv-videos-bucket/sample/BigBuckBunny.mp4,https://picsum.photos/350/200,97974,344,41
donec semper sapien a libero nam dui proin leo odio,http://commondatastorage.googleapis.com/gtv-videos-bucket/sample/BigBuckBunny.mp4,https://picsum.photos/350/200,46530,84,93
libero non mattis pulvinar,http://commondatastorage.googleapis.com/gtv-videos-bucket/sample/BigBuckBunny.mp4,https://picsum.photos/350/200,44653,180,68
sed ante vivamus tortor duis,http://commondatastorage.googleapis.com/gtv-videos-bucket/sample/BigBuckBunny.mp4,https://picsum.photos/350/200,60441,109,1
imperdiet nullam orci pede venenatis non sodales sed,http://commondatastorage.googleapis.com/gtv-videos-bucket/sample/BigBuckBunny.mp4,https://picsum.photos/350/200,30411,1088,81
duis mattis egestas metus aenean fermentum donec ut mauris,http://commondatastorage.googleapis.com/gtv-videos-bucket/sample/BigBuckBunny.mp4,https://picsum.photos/350/200,5825,845,92
est quam pharetra,http://commondatastorage.googleapis.com/gtv-videos-bucket/sample/BigBuckBunny.mp4,https://picsum.photos/350/200,86916,777,35
felis eu sapien cursus vestibulum,http://commondatastorage.googleapis.com/gtv-videos-bucket/sample/BigBuckBunny.mp4,https://picsum.photos/350/200,94664,136,22
non sodales sed,http://commondatastorage.googleapis.com/gtv-videos-bucket/sample/BigBuckBunny.mp4,https://picsum.photos/350/200,12253,611,6
tellus nisi eu orci mauris lacinia,http://commondatastorage.googleapis.com/gtv-videos-bucket/sample/BigBuckBunny.mp4,https://picsum.photos/350/200,17199,577,2
duis faucibus accumsan odio curabitur convallis duis consequat dui,http://commondatastorage.googleapis.com/gtv-videos-bucket/sample/BigBuckBunny.mp4,https://picsum.photos/350/200,54124,299,89
nisl venenatis lacinia aenean,http://commondatastorage.googleapis.com/gtv-videos-bucket/sample/BigBuckBunny.mp4,https://picsum.photos/350/200,27826,295,51
rutrum neque aenean auctor gravida,http://commondatastorage.googleapis.com/gtv-videos-bucket/sample/BigBuckBunny.mp4,https://picsum.photos/350/200,31654,388,22
vel accumsan tellus nisi,http://commondatastorage.googleapis.com/gtv-videos-bucket/sample/BigBuckBunny.mp4,https://picsum.photos/350/200,1085,248,89
sed ante vivamus tortor duis mattis,http://commondatastorage.googleapis.com/gtv-videos-bucket/sample/BigBuckBunny.mp4,https://picsum.photos/350/200,52846,66,44
rutrum ac lobortis,http://commondatastorage.googleapis.com/gtv-videos-bucket/sample/BigBuckBunny.mp4,https://picsum.photos/350/200,61761,1058,19
consequat dui nec,http://commondatastorage.googleapis.com/gtv-videos-bucket/sample/BigBuckBunny.mp4,https://picsum.photos/350/200,26647,945,74
imperdiet nullam orci pede venenatis non sodales sed,http://commondatastorage.googleapis.com/gtv-videos-bucket/sample/BigBuckBunny.mp4,https://picsum.photos/350/200,43752,892,40
quis turpis eget elit sodales scelerisque mauris sit,http://commondatastorage.googleapis.com/gtv-videos-bucket/sample/BigBuckBunny.mp4,https://picsum.photos/350/200,26886,686,40
nibh in hac habitasse platea dictumst aliquam augue quam sollicitudin,http://commondatastorage.googleapis.com/gtv-videos-bucket/sample/BigBuckBunny.mp4,https://picsum.photos/350/200,20883,466,32
amet sem fusce consequat nulla nisl,http://commondatastorage.googleapis.com/gtv-videos-bucket/sample/BigBuckBunny.mp4,https://picsum.photos/350/200,6740,1145,47
ante ipsum primis in faucibus orci luctus et,http://commondatastorage.googleapis.com/gtv-videos-bucket/sample/BigBuckBunny.mp4,https://picsum.photos/350/200,58361,806,73
eu felis fusce posuere felis sed lacus,http://commondatastorage.googleapis.com/gtv-videos-bucket/sample/BigBuckBunny.mp4,https://picsum.photos/350/200,37970,724,85
sed accumsan felis ut,http://commondatastorage.googleapis.com/gtv-videos-bucket/sample/BigBuckBunny.mp4,https://picsum.photos/350/200,36549,839,51
donec posuere metus vitae ipsum aliquam non mauris morbi non,http://commondatastorage.googleapis.com/gtv-videos-bucket/sample/BigBuckBunny.mp4,https://picsum.photos/350/200,77635,294,26
consectetuer eget rutrum at lorem integer tincidunt ante,http://commondatastorage.googleapis.com/gtv-videos-bucket/sample/BigBuckBunny.mp4,https://picsum.photos/350/200,49431,586,11
phasellus sit amet erat nulla tempus vivamus,http://commondatastorage.googleapis.com/gtv-videos-bucket/sample/BigBuckBunny.mp4,https://picsum.photos/350/200,18932,783,7
in quis justo maecenas,http://commondatastorage.googleapis.com/gtv-videos-bucket/sample/BigBuckBunny.mp4,https://picsum.photos/350/200,81934,516,89
et commodo vulputate justo in blandit,http://commondatastorage.googleapis.com/gtv-videos-bucket/sample/BigBuckBunny.mp4,https://picsum.photos/350/200,98893,627,90
pede justo lacinia eget tincidunt eget tempus vel pede,http://commondatastorage.googleapis.com/gtv-videos-bucket/sample/BigBuckBunny.mp4,https://picsum.photos/350/200,43124,1012,98
tempus vel pede morbi porttitor lorem id ligula suspendisse ornare,http://commondatastorage.googleapis.com/gtv-videos-bucket/sample/BigBuckBunny.mp4,https://picsum.photos/350/200,14717,1141,17
suscipit nulla elit ac nulla sed vel enim sit amet,http://commondatastorage.googleapis.com/gtv-videos-bucket/sample/BigBuckBunny.mp4,https://picsum.photos/350/200,93090,170,72
a odio in hac habitasse,http://commondatastorage.googleapis.com/gtv-videos-bucket/sample/BigBuckBunny.mp4,https://picsum.photos/350/200,27405,795,50
felis ut at dolor quis odio,http://commondatastorage.googleapis.com/gtv-videos-bucket/sample/BigBuckBunny.mp4,https://picsum.photos/350/200,9899,370,26
aliquet massa id lobortis convallis tortor risus dapibus augue vel,http://commondatastorage.googleapis.com/gtv-videos-bucket/sample/BigBuckBunny.mp4,https://picsum.photos/350/200,14443,888,1
accumsan tortor quis,http://commondatastorage.googleapis.com/gtv-videos-bucket/sample/BigBuckBunny.mp4,https://picsum.photos/350/200,38312,1164,9
orci luctus et ultrices posuere cubilia curae mauris,http://commondatastorage.googleapis.com/gtv-videos-bucket/sample/BigBuckBunny.mp4,https://picsum.photos/350/200,3222,545,53
turpis adipiscing lorem vitae mattis nibh ligula nec sem duis,http://commondatastorage.googleapis.com/gtv-videos-bucket/sample/BigBuckBunny.mp4,https://picsum.photos/350/200,75602,153,97
justo sit amet sapien dignissim vestibulum vestibulum ante,http://commondatastorage.googleapis.com/gtv-videos-bucket/sample/BigBuckBunny.mp4,https://picsum.photos/350/200,81858,891,63
condimentum id luctus nec molestie sed justo pellentesque viverra pede,http://commondatastorage.googleapis.com/gtv-videos-bucket/sample/BigBuckBunny.mp4,https://picsum.photos/350/200,60722,848,64
tincidunt in leo maecenas,http://commondatastorage.googleapis.com/gtv-videos-bucket/sample/BigBuckBunny.mp4,https://picsum.photos/350/200,82100,363,65
ornare imperdiet sapien urna,http://commondatastorage.googleapis.com/gtv-videos-bucket/sample/BigBuckBunny.mp4,https://picsum.photos/350/200,26727,918,84
curabitur convallis duis consequat,http://commondatastorage.googleapis.com/gtv-videos-bucket/sample/BigBuckBunny.mp4,https://picsum.photos/350/200,35681,1143,30
mauris sit amet eros suspendisse accumsan tortor quis turpis,http://commondatastorage.googleapis.com/gtv-videos-bucket/sample/BigBuckBunny.mp4,https://picsum.photos/350/200,85185,848,69
sit amet diam in magna bibendum imperdiet nullam orci,http://commondatastorage.googleapis.com/gtv-videos-bucket/sample/BigBuckBunny.mp4,https://picsum.photos/350/200,57175,936,4
elementum pellentesque quisque porta volutpat erat quisque,http://commondatastorage.googleapis.com/gtv-videos-bucket/sample/BigBuckBunny.mp4,https://picsum.photos/350/200,46579,941,97
rhoncus aliquet pulvinar,http://commondatastorage.googleapis.com/gtv-videos-bucket/sample/BigBuckBunny.mp4,https://picsum.photos/350/200,6881,79,84
nulla elit ac nulla sed vel enim sit,http://commondatastorage.googleapis.com/gtv-videos-bucket/sample/BigBuckBunny.mp4,https://picsum.photos/350/200,77684,116,96
mi sit amet lobortis sapien sapien non,http://commondatastorage.googleapis.com/gtv-videos-bucket/sample/BigBuckBunny.mp4,https://picsum.photos/350/200,12960,1036,87
maecenas tristique est et tempus semper est,http://commondatastorage.googleapis.com/gtv-videos-bucket/sample/BigBuckBunny.mp4,https://picsum.photos/350/200,44271,1016,4
lobortis sapien sapien non mi integer ac neque duis,http://commondatastorage.googleapis.com/gtv-videos-bucket/sample/BigBuckBunny.mp4,https://picsum.photos/350/200,61136,266,3
sapien in sapien iaculis congue vivamus metus arcu adipiscing molestie,http://commondatastorage.googleapis.com/gtv-videos-bucket/sample/BigBuckBunny.mp4,https://picsum.photos/350/200,26091,662,30
sed tristique in tempus sit,http://commondatastorage.googleapis.com/gtv-videos-bucket/sample/BigBuckBunny.mp4,https://picsum.photos/350/200,60025,941,94
ut erat id mauris vulputate,http://commondatastorage.googleapis.com/gtv-videos-bucket/sample/BigBuckBunny.mp4,https://picsum.photos/350/200,80337,689,70
ipsum praesent blandit lacinia erat,http://commondatastorage.googleapis.com/gtv-videos-bucket/sample/BigBuckBunny.mp4,https://picsum.photos/350/200,95507,1133,77
luctus et ultrices posuere cubilia,http://commondatastorage.googleapis.com/gtv-videos-bucket/sample/BigBuckBunny.mp4,https://picsum.photos/350/200,70387,138,85
lobortis vel dapibus at diam nam,http://commondatastorage.googleapis.com/gtv-videos-bucket/sample/BigBuckBunny.mp4,https://picsum.photos/350/200,16284,311,42
sollicitudin vitae consectetuer,http://commondatastorage.googleapis.com/gtv-videos-bucket/sample/BigBuckBunny.mp4,https://picsum.photos/350/200,2408,830,72
nec nisi vulputate nonummy maecenas tincidunt lacus at,http://commondatastorage.googleapis.com/gtv-videos-bucket/sample/BigBuckBunny.mp4,https://picsum.photos/350/200,48950,283,61
duis bibendum felis sed,http://commondatastorage.googleapis.com/gtv-videos-bucket/sample/BigBuckBunny.mp4,https://picsum.photos/350/200,45286,384,95
faucibus orci luctus et ultrices posuere,http://commondatastorage.googleapis.com/gtv-videos-bucket/sample/BigBuckBunny.mp4,https://picsum.photos/350/200,4002,583,26
suspendisse ornare consequat lectus in,http://commondatastorage.googleapis.com/gtv-videos-bucket/sample/BigBuckBunny.mp4,https://picsum.photos/350/200,86945,493,66
maecenas tristique est et,http://commondatastorage.googleapis.com/gtv-videos-bucket/sample/BigBuckBunny.mp4,https://picsum.photos/350/200,71130,676,10
dui nec nisi volutpat eleifend donec ut dolor morbi vel,http://commondatastorage.googleapis.com/gtv-videos-bucket/sample/BigBuckBunny.mp4,https://picsum.photos/350/200,97373,254,20
porttitor lorem id ligula,http://commondatastorage.googleapis.com/gtv-videos-bucket/sample/BigBuckBunny.mp4,https://picsum.photos/350/200,82646,622,70
quis libero nullam sit amet turpis elementum ligula vehicula,http://commondatastorage.googleapis.com/gtv-videos-bucket/sample/BigBuckBunny.mp4,https://picsum.photos/350/200,83752,670,57
sapien a libero nam dui proin leo odio,http://commondatastorage.googleapis.com/gtv-videos-bucket/sample/BigBuckBunny.mp4,https://picsum.photos/350/200,93613,853,97
platea dictumst aliquam augue quam sollicitudin vitae consectetuer eget,http://commondatastorage.googleapis.com/gtv-videos-bucket/sample/BigBuckBunny.mp4,https://picsum.photos/350/200,48479,541,65
enim lorem ipsum dolor sit amet consectetuer,http://commondatastorage.googleapis.com/gtv-videos-bucket/sample/BigBuckBunny.mp4,https://picsum.photos/350/200,74156,1113,17
id pretium iaculis diam,http://commondatastorage.googleapis.com/gtv-videos-bucket/sample/BigBuckBunny.mp4,https://picsum.photos/350/200,36188,806,79
eros vestibulum ac,http://commondatastorage.googleapis.com/gtv-videos-bucket/sample/BigBuckBunny.mp4,https://picsum.photos/350/200,50332,141,25
congue vivamus metus arcu adipiscing,http://commondatastorage.googleapis.com/gtv-videos-bucket/sample/BigBuckBunny.mp4,https://picsum.photos/350/200,95549,945,70
velit donec diam neque vestibulum eget vulputate ut,http://commondatastorage.googleapis.com/gtv-videos-bucket/sample/BigBuckBunny.mp4,https://picsum.photos/350/200,4797,782,14
eu est congue elementum in hac,http://commondatastorage.googleapis.com/gtv-videos-bucket/sample/BigBuckBunny.mp4,https://picsum.photos/350/200,63525,317,69
molestie hendrerit at vulputate,http://commondatastorage.googleapis.com/gtv-videos-bucket/sample/BigBuckBunny.mp4,https://picsum.photos/350/200,79359,565,100
a odio in hac habitasse platea dictumst,http://commondatastorage.googleapis.com/gtv-videos-bucket/sample/BigBuckBunny.mp4,https://picsum.photos/350/200,63221,1043,93
primis in faucibus orci luctus,http://commondatastorage.googleapis.com/gtv-videos-bucket/sample/BigBuckBunny.mp4,https://picsum.photos/350/200,45946,452,73
ut blandit non interdum in ante vestibulum ante,http://commondatastorage.googleapis.com/gtv-videos-bucket/sample/BigBuckBunny.mp4,https://picsum.photos/350/200,57521,394,61
ut volutpat sapien arcu sed augue aliquam erat volutpat in,http://commondatastorage.googleapis.com/gtv-videos-bucket/sample/BigBuckBunny.mp4,https://picsum.photos/350/200,15096,325,54
lectus pellentesque at nulla suspendisse potenti cras in purus,http://commondatastorage.googleapis.com/gtv-videos-bucket/sample/BigBuckBunny.mp4,https://picsum.photos/350/200,24241,274,65
eget eleifend luctus ultricies eu nibh quisque id justo,http://commondatastorage.googleapis.com/gtv-videos-bucket/sample/BigBuckBunny.mp4,https://picsum.photos/350/200,95768,127,97
curabitur convallis duis consequat dui nec,http://commondatastorage.googleapis.com/gtv-videos-bucket/sample/BigBuckBunny.mp4,https://picsum.photos/350/200,32810,478,60
cubilia curae donec pharetra magna vestibulum aliquet ultrices erat,http://commondatastorage.googleapis.com/gtv-videos-bucket/sample/BigBuckBunny.mp4,https://picsum.photos/350/200,63400,548,8
vestibulum velit id pretium iaculis diam erat fermentum justo nec,http://commondatastorage.googleapis.com/gtv-videos-bucket/sample/BigBuckBunny.mp4,https://picsum.photos/350/200,41896,830,98
odio odio elementum eu interdum,http://commondatastorage.googleapis.com/gtv-videos-bucket/sample/BigBuckBunny.mp4,https://picsum.photos/350/200,17433,724,34
aenean sit amet justo,http://commondatastorage.googleapis.com/gtv-videos-bucket/sample/BigBuckBunny.mp4,https://picsum.photos/350/200,49313,452,35
vestibulum ante ipsum,http://commondatastorage.googleapis.com/gtv-videos-bucket/sample/BigBuckBunny.mp4,https://picsum.photos/350/200,51382,387,66
mauris non ligula pellentesque ultrices phasellus id,http://commondatastorage.googleapis.com/gtv-videos-bucket/sample/BigBuckBunny.mp4,https://picsum.photos/350/200,63812,135,7
libero nullam sit amet turpis elementum ligula vehicula consequat,http://commondatastorage.googleapis.com/gtv-videos-bucket/sample/BigBuckBunny.mp4,https://picsum.photos/350/200,49963,995,70
sodales sed tincidunt eu felis fusce posuere felis sed,http://commondatastorage.googleapis.com/gtv-videos-bucket/sample/BigBuckBunny.mp4,https://picsum.photos/350/200,42475,917,66
condimentum neque sapien placerat ante,http://commondatastorage.googleapis.com/gtv-videos-bucket/sample/BigBuckBunny.mp4,https://picsum.photos/350/200,67183,906,90
massa donec dapibus duis at velit eu est congue,http://commondatastorage.googleapis.com/gtv-videos-bucket/sample/BigBuckBunny.mp4,https://picsum.photos/350/200,81341,217,47
praesent lectus vestibulum,http://commondatastorage.googleapis.com/gtv-videos-bucket/sample/BigBuckBunny.mp4,https://picsum.photos/350/200,87397,592,53
quisque ut erat curabitur gravida nisi,http://commondatastorage.googleapis.com/gtv-videos-bucket/sample/BigBuckBunny.mp4,https://picsum.photos/350/200,4990,1036,61
sollicitudin mi sit amet,http://commondatastorage.googleapis.com/gtv-videos-bucket/sample/BigBuckBunny.mp4,https://picsum.photos/350/200,25997,1154,17
potenti in eleifend quam a odio in,http://commondatastorage.googleapis.com/gtv-videos-bucket/sample/BigBuckBunny.mp4,https://picsum.photos/350/200,76791,1166,91
odio elementum eu interdum eu tincidunt in leo,http://commondatastorage.googleapis.com/gtv-videos-bucket/sample/BigBuckBunny.mp4,https://picsum.photos/350/200,67422,929,27
habitasse platea dictumst aliquam augue,http://commondatastorage.googleapis.com/gtv-videos-bucket/sample/BigBuckBunny.mp4,https://picsum.photos/350/200,57904,155,91
eget semper rutrum nulla nunc purus phasellus in felis,http://commondatastorage.googleapis.com/gtv-videos-bucket/sample/BigBuckBunny.mp4,https://picsum.photos/350/200,47526,53,80
donec dapibus duis at velit eu,http://commondatastorage.googleapis.com/gtv-videos-bucket/sample/BigBuckBunny.mp4,https://picsum.photos/350/200,39422,533,95
non ligula pellentesque ultrices phasellus id,http://commondatastorage.googleapis.com/gtv-videos-bucket/sample/BigBuckBunny.mp4,https://picsum.photos/350/200,16014,561,35
mauris enim leo rhoncus sed vestibulum sit,http://commondatastorage.googleapis.com/gtv-videos-bucket/sample/BigBuckBunny.mp4,https://picsum.photos/350/200,8511,83,8
vestibulum quam sapien,http://commondatastorage.googleapis.com/gtv-videos-bucket/sample/BigBuckBunny.mp4,https://picsum.photos/350/200,45028,248,49
nulla sed accumsan felis ut at,http://commondatastorage.googleapis.com/gtv-videos-bucket/sample/BigBuckBunny.mp4,https://picsum.photos/350/200,48788,326,92
vivamus vestibulum sagittis sapien cum sociis natoque penatibus et,http://commondatastorage.googleapis.com/gtv-videos-bucket/sample/BigBuckBunny.mp4,https://picsum.photos/350/200,15446,255,49
molestie nibh in lectus pellentesque at nulla suspendisse potenti,http://commondatastorage.googleapis.com/gtv-videos-bucket/sample/BigBuckBunny.mp4,https://picsum.photos/350/200,57989,563,96
vestibulum ante ipsum primis in faucibus,http://commondatastorage.googleapis.com/gtv-videos-bucket/sample/BigBuckBunny.mp4,https://picsum.photos/350/200,3150,658,61
quam suspendisse potenti nullam porttitor lacus at,http://commondatastorage.googleapis.com/gtv-videos-bucket/sample/BigBuckBunny.mp4,https://picsum.photos/350/200,81751,186,59
suspendisse potenti cras in purus eu magna vulputate luctus cum,http://commondatastorage.googleapis.com/gtv-videos-bucket/sample/BigBuckBunny.mp4,https://picsum.photos/350/200,37558,184,7
enim blandit mi in,http://commondatastorage.googleapis.com/gtv-videos-bucket/sample/BigBuckBunny.mp4,https://picsum.photos/350/200,52312,211,32
proin leo odio porttitor id consequat in consequat ut nulla,http://commondatastorage.googleapis.com/gtv-videos-bucket/sample/BigBuckBunny.mp4,https://picsum.photos/350/200,29048,30,84
quis lectus suspendisse potenti in eleifend,http://commondatastorage.googleapis.com/gtv-videos-bucket/sample/BigBuckBunny.mp4,https://picsum.photos/350/200,54440,561,17
pulvinar nulla pede ullamcorper augue a,http://commondatastorage.googleapis.com/gtv-videos-bucket/sample/BigBuckBunny.mp4,https://picsum.photos/350/200,69530,1106,59
orci mauris lacinia,http://commondatastorage.googleapis.com/gtv-videos-bucket/sample/BigBuckBunny.mp4,https://picsum.photos/350/200,13450,87,100